company,ticker,cik,filing_date,event_type,person_name,title,effective_date
Apple Inc.,AAPL,0000320193,2026-04-20,appointment,John Ternus,Chief Executive Officer,2026-09-01
Apple Inc.,AAPL,0000320193,2026-01-02,appointment,Ben Borders,Principal Accounting Officer,2026-01-01
Apple Inc.,AAPL,0000320193,2025-12-05,appointment,Jennifer Newstead,general counsel,2026-03-01
Apple Inc.,AAPL,0000320193,2025-12-05,departure,Kate Adams,general counsel,2026-03-01
Microsoft Corporation,MSFT,0000789019,2026-06-05,NOT_FOUND,NOT_FOUND,NOT_FOUND,NOT_FOUND
Microsoft Corporation,MSFT,0000789019,2026-05-14,appointment,NOT_FOUND,Director,2026-05-13
Microsoft Corporation,MSFT,0000789019,2025-12-08,NOT_FOUND,NOT_FOUND,NOT_FOUND,NOT_FOUND
Microsoft Corporation,MSFT,0000789019,2025-09-30,NOT_FOUND,NOT_FOUND,NOT_FOUND,NOT_FOUND
NVIDIA Corporation,NVDA,0001045810,2026-07-02,departure,Ajay K. Puri,Executive Vice President,NOT_FOUND
NVIDIA Corporation,NVDA,0001045810,2026-07-02,appointment,Nicholas Parker,Executive Vice President,2026-08-24
NVIDIA Corporation,NVDA,0001045810,2026-05-08,appointment,Suzanne Nora Johnson,member of the Board,2026-07-13
NVIDIA Corporation,NVDA,0001045810,2026-04-27,appointment,Scott Gawel,NOT_FOUND,2026-05-04
NVIDIA Corporation,NVDA,0001045810,2026-03-06,appointment,NOT_FOUND,President and Chief Executive Officer,NOT_FOUND
NVIDIA Corporation,NVDA,0001045810,2026-01-23,departure,Persis Drell,NOT_FOUND,2026-01-23
JPMorgan Chase & Co.,JPM,0000019617,2026-06-25,appointment,Troy Rohrbaugh,NOT_FOUND,2026-06-25
JPMorgan Chase & Co.,JPM,0000019617,2026-06-25,appointment,Doug Petno,NOT_FOUND,2026-06-25
JPMorgan Chase & Co.,JPM,0000019617,2026-06-25,departure,Marianne Lake,NOT_FOUND,NOT_FOUND
JPMorgan Chase & Co.,JPM,0000019617,2026-01-22,both,NOT_FOUND,Corporate Secretary,NOT_FOUND
JPMorgan Chase & Co.,JPM,0000019617,2025-12-08,departure,Todd A. Combs,member of the Board of Directors,2025-12-07
Walmart Inc.,WMT,0000104169,2026-01-16,appointment,David Guggina,Executive Vice President,2026-02-01
Walmart Inc.,WMT,0000104169,2026-01-16,departure,Kathryn McLay,Executive Vice President,2026-02-01
Walmart Inc.,WMT,0000104169,2026-01-16,appointment,Christopher Nicholas,Executive Vice President,2026-02-01
Walmart Inc.,WMT,0000104169,2026-01-16,appointment,Latriece Watkins,Executive Vice President,2026-01-16
Walmart Inc.,WMT,0000104169,2026-01-16,departure,David Guggina,NOT_FOUND,2020-01-18
Walmart Inc.,WMT,0000104169,2026-01-16,departure,Latriece Watkins,NOT_FOUND,2026-02-01
Walmart Inc.,WMT,0000104169,2026-01-08,appointment,Shishir Mehrotra,member of the Board,2026-01-08
Walmart Inc.,WMT,0000104169,2025-11-14,departure,Douglas McMillon,president,2026-01-31
Walmart Inc.,WMT,0000104169,2025-11-14,appointment,John R. Furner,president,2026-02-01
Walmart Inc.,WMT,0000104169,2025-11-14,departure,John R. Furner,NOT_FOUND,2026-02-01
Walmart Inc.,WMT,0000104169,2025-10-22,appointment,Dwayne Milum,Senior Vice President and Controller,2026-02-01
Walmart Inc.,WMT,0000104169,2025-10-22,both,Dwayne Milum,NOT_FOUND,2026-02-01
Walmart Inc.,WMT,0000104169,2025-10-22,departure,Dwayne Milum,NOT_FOUND,2026-02-01
